name;polygon
"Olewiger Deutschherrenberg";(49.756667, 6.641389), (49.766667, 6.641389), (49.756667, 6.651389), (49.766667, 6.661389)
"Olewiger Burgberg";49.756667,6.641389|49.756667,6.641389|49.756667,6.641389|49.756667,6.641389
